host_ts,device_ts_s,tof_mm,ax,ay,az,gx,gy,gz
2026-02-13T01:44:01.489133,180.271,425.00,-0.3641,-0.0768,-0.9066,2.1362,-5.3101,-0.9155
2026-02-13T01:44:01.595994,180.420,428.00,-0.3407,-0.0895,-0.8999,4.8828,-2.6245,-1.8311
2026-02-13T01:44:01.745962,180.570,427.00,-0.3757,-0.0619,-0.9569,6.6528,-4.5166,-1.0376
2026-02-13T01:44:01.895943,180.720,433.00,-0.3304,-0.0358,-0.9032,6.7139,0.9766,-1.8311
2026-02-13T01:44:02.046419,180.870,435.00,-0.2493,-0.0149,-0.9457,8.9111,19.7144,-3.5400
2026-02-13T01:44:02.196418,181.020,444.00,-0.2911,-0.0300,-0.8258,2.5635,7.6294,-9.7046
2026-02-13T01:44:02.346568,181.170,441.00,-0.3816,-0.0068,-0.8870,13.1836,7.6904,-1.4038
2026-02-13T01:44:02.496117,181.320,443.00,-0.3711,0.0923,-0.9102,3.9062,-12.1460,-2.5024
2026-02-13T01:44:02.646386,181.470,440.00,-0.3783,0.1106,-0.9073,6.2256,-26.9775,-14.8315
2026-02-13T01:44:02.797100,181.620,439.00,-0.3677,0.0797,-0.9520,15.1367,-20.3857,-11.8408
2026-02-13T01:44:02.946697,181.770,450.00,-0.3042,-0.0284,-0.9873,-8.6060,0.5493,-9.5215
2026-02-13T01:44:03.096652,181.920,443.00,-0.2479,0.0963,-0.9324,-5.9204,22.7661,5.2490
2026-02-13T01:44:03.246744,182.070,456.00,-0.3188,0.1472,-0.8652,-1.0376,17.8833,5.8594
2026-02-13T01:44:03.396374,182.220,461.00,-0.3989,0.0511,-0.9012,6.6528,3.2959,-0.3662
2026-02-13T01:44:03.546354,182.370,464.00,-0.3997,0.0334,-0.8134,-17.2729,5.4932,9.0332
2026-02-13T01:44:03.696613,182.520,470.00,-0.3217,0.0073,-0.8737,7.5684,-13.1836,-1.0986
2026-02-13T01:44:03.846880,182.670,460.00,-0.3247,-0.0450,-0.8909,-0.0610,-17.8223,-0.3052
2026-02-13T01:44:03.996402,182.820,457.00,-0.2684,0.0568,-0.9382,-2.3193,-6.8970,-1.8921
2026-02-13T01:44:04.146504,182.970,451.00,-0.3062,0.0457,-0.8728,1.3428,-5.6152,-2.0752
2026-02-13T01:44:04.296489,183.120,451.00,-0.2540,0.0449,-0.9391,6.8970,-11.5967,-0.1221
2026-02-13T01:44:04.446811,183.270,451.00,-0.2308,0.0867,-0.9536,-1.0376,-7.5684,2.9907
2026-02-13T01:44:04.596518,183.420,447.00,-0.2223,0.0521,-0.9995,-5.6152,-4.3945,3.6621
2026-02-13T01:44:04.746906,183.570,447.00,-0.2191,-0.0269,-0.9124,1.8921,-1.0376,-0.5493
2026-02-13T01:44:04.896378,183.720,447.00,-0.1935,0.0131,-0.9835,-0.2441,-5.8594,1.0986
2026-02-13T01:44:05.046576,183.870,444.00,-0.2250,0.0250,-0.9783,0.4272,0.8545,-0.6714
2026-02-13T01:44:05.196658,184.020,445.00,-0.1893,0.0094,-0.9783,-2.1362,0.4883,-0.1831
2026-02-13T01:44:05.346387,184.170,443.00,-0.2183,0.0293,-0.9304,0.4883,0.8545,0.3052
2026-02-13T01:44:05.496477,184.320,443.00,-0.1973,-0.0002,-0.9403,2.0752,0.3052,-1.6479
2026-02-13T01:44:05.646610,184.470,443.00,-0.2030,0.0304,-0.9692,1.4648,-0.4272,0.3662
2026-02-13T01:44:05.796522,184.620,444.00,-0.2102,0.0399,-0.9797,-0.8545,0.2441,0.3662
2026-02-13T01:44:05.946545,184.770,443.00,-0.1997,0.0435,-0.9653,2.5635,0.5493,-2.5635
2026-02-13T01:44:06.096547,184.920,443.00,-0.2029,0.0211,-0.9351,5.3711,1.7700,-3.0518
2026-02-13T01:44:06.246620,185.070,447.00,-0.2012,0.0245,-0.9952,-0.3662,3.4180,1.6479
2026-02-13T01:44:06.396397,185.220,443.00,-0.2137,0.0264,-0.9584,0.1221,0.9155,1.0986
2026-02-13T01:44:06.546459,185.370,448.00,-0.2028,0.0356,-0.9518,1.8311,0.8545,0.5493
2026-02-13T01:44:06.696427,185.520,442.00,-0.2164,0.0167,-0.9464,0.7324,1.8311,-0.3052
2026-02-13T01:44:06.846703,185.670,447.00,-0.2133,0.0493,-0.9711,-0.4272,-2.0752,0.6104
2026-02-13T01:44:06.996549,185.820,442.00,-0.2201,0.0397,-0.9685,2.3804,-4.2725,-0.6714
2026-02-13T01:44:07.146754,185.970,441.00,-0.2018,0.0157,-0.9385,-4.5776,-1.3428,0.2441
2026-02-13T01:44:07.296683,186.120,442.00,-0.1962,0.0314,-0.9884,-0.1221,-2.1973,-1.3428
2026-02-13T01:44:07.446668,186.270,441.00,-0.1934,0.0167,-0.9822,-1.3428,-3.7842,0.3662
2026-02-13T01:44:07.596700,186.420,441.00,-0.1698,0.0096,-0.9641,-2.0142,-0.8545,2.5635
2026-02-13T01:44:07.746298,186.570,438.00,-0.2057,0.0182,-0.9706,1.7700,-1.8311,0.3052
2026-02-13T01:44:07.896696,186.720,441.00,-0.1887,-0.0211,-0.9489,-2.9297,0.2441,0.4883
2026-02-13T01:44:08.046110,186.870,441.00,-0.1742,0.0303,-0.9563,1.5259,1.6479,0.8545
2026-02-13T01:44:08.196496,187.020,443.00,-0.1873,0.0164,-0.9788,-1.5869,-1.5869,1.2207
2026-02-13T01:44:08.346608,187.170,441.00,-0.1884,-0.0070,-0.9738,-0.9766,2.1973,-0.5493
2026-02-13T01:44:08.496362,187.320,440.00,-0.1766,0.0264,-1.0225,-3.9062,3.3569,1.3428
2026-02-13T01:44:08.646435,187.470,440.00,-0.2025,-0.0010,-0.9803,-2.5024,1.9531,1.5259
2026-02-13T01:44:08.796443,187.620,443.00,-0.2000,-0.0103,-0.8997,-0.0610,2.8076,-1.7700
2026-02-13T01:44:08.946454,187.770,442.00,-0.1802,0.0299,-0.9718,3.1128,-0.3662,-0.9155
2026-02-13T01:44:09.096122,187.920,439.00,-0.1982,0.0154,-0.9771,0.3662,-1.5869,0.4883
2026-02-13T01:44:09.246407,188.070,441.00,-0.2052,0.0087,-0.9613,-1.3428,-1.5259,0.1831
2026-02-13T01:44:09.396253,188.220,436.00,-0.1782,0.0238,-0.9786,-2.0142,-1.5259,-0.5493
2026-02-13T01:44:09.546655,188.370,435.00,-0.1793,0.0118,-0.9501,-1.3428,-0.7324,-0.5493
2026-02-13T01:44:09.696561,188.520,435.00,-0.1863,0.0409,-1.0190,2.5024,-2.3193,-2.1973
2026-02-13T01:44:09.846528,188.670,436.00,-0.1799,0.0397,-0.9650,-1.0376,3.7231,-1.3428
2026-02-13T01:44:09.996443,188.820,436.00,-0.1799,0.0035,-0.9401,2.0752,-1.7090,1.0986
2026-02-13T01:44:10.146333,188.970,430.00,-0.1989,0.0233,-0.9186,0.2441,0.3662,-0.9766
2026-02-13T01:44:10.296513,189.120,433.00,-0.1921,0.0023,-0.9846,-2.9907,-0.8545,1.2207
2026-02-13T01:44:10.446366,189.270,434.00,-0.1765,0.0159,-0.9817,0.4272,2.4414,-0.4272
2026-02-13T01:44:10.596192,189.420,433.00,-0.2054,0.0422,-0.9376,-2.5024,2.0142,0.4272
2026-02-13T01:44:10.746194,189.570,433.00,-0.1895,0.0726,-0.9602,0.7935,2.6855,0.3052
2026-02-13T01:44:10.896343,189.720,432.00,-0.1904,0.0312,-0.9604,0.6714,5.2490,-1.4038
2026-02-13T01:44:11.046501,189.870,435.00,-0.2261,0.0372,-0.9705,-1.4648,2.4414,0.3052
2026-02-13T01:44:11.196184,190.020,435.00,-0.2275,0.0532,-0.9368,-0.7935,2.1362,0.3052
2026-02-13T01:44:11.346485,190.170,433.00,-0.1935,0.0107,-0.9789,-0.4272,-0.4883,-0.3052
2026-02-13T01:44:11.496297,190.320,434.00,-0.1879,0.0641,-1.0044,-1.1597,-3.2349,1.8311
2026-02-13T01:44:11.646315,190.470,436.00,-0.1891,0.0127,-0.9764,-1.7700,1.6479,0.0000
2026-02-13T01:44:11.796578,190.620,433.00,-0.2020,-0.0032,-0.9440,-3.2959,-1.4038,1.8921
2026-02-13T01:44:11.946303,190.770,434.00,-0.1923,0.0309,-0.9514,0.8545,-3.0518,-0.6714
2026-02-13T01:44:12.096084,190.920,430.00,-0.2037,0.0669,-1.0138,3.6621,-3.9673,-0.4272
2026-02-13T01:44:12.246283,191.070,430.00,-0.1534,0.0333,-0.9847,-4.6997,-0.5493,0.0610
2026-02-13T01:44:12.396275,191.220,429.00,-0.1710,0.0493,-0.9448,-1.1597,2.2583,1.2207
2026-02-13T01:44:12.546472,191.370,428.00,-0.1621,0.0208,-0.9752,6.0425,-4.3945,-2.6245
2026-02-13T01:44:12.696344,191.520,425.00,-0.1936,0.0153,-0.8892,-0.0610,0.8545,-0.0610
2026-02-13T01:44:12.846447,191.670,425.00,-0.1320,0.0187,-0.9742,1.5869,-0.6714,-0.9766
2026-02-13T01:44:12.996171,191.820,424.00,-0.1592,0.0406,-0.9830,-3.9673,3.4180,2.7466
2026-02-13T01:44:13.146288,191.970,420.00,-0.1715,0.0192,-0.9294,-3.0518,1.0376,1.6479
2026-02-13T01:44:13.296275,192.120,418.00,-0.1298,0.0500,-0.8730,-6.7749,9.2163,3.5400
2026-02-13T01:44:13.446651,192.270,399.00,-0.1802,-0.0048,-0.7666,-0.5493,28.6865,-2.0142
2026-02-13T01:44:13.596174,192.420,373.00,-0.2805,-0.0199,-0.8309,-3.8452,39.6118,0.0610
2026-02-13T01:44:13.746159,192.570,307.00,-0.3849,-0.0647,-0.8718,-5.5542,40.8325,1.9531
2026-02-13T01:44:13.896122,192.720,258.00,-0.5438,-0.0343,-1.0239,-13.1836,35.2173,4.1504
2026-02-13T01:44:14.046163,192.870,92.00,-0.6532,-0.0386,-0.8826,-12.8784,24.0478,6.2866
2026-02-13T01:44:14.196066,193.020,70.00,-0.6080,-0.0286,-0.7452,5.3101,1.2207,-0.7324
2026-02-13T01:44:14.346046,193.170,93.00,-0.8330,0.0704,-1.0291,-1.1597,-10.8032,-6.5918
2026-02-13T01:44:14.496719,193.320,90.00,-0.7037,-0.1085,-0.9541,2.9907,-24.5972,-0.7324
2026-02-13T01:44:14.646562,193.470,75.00,-0.5122,-0.0159,-0.8367,-0.2441,-17.9443,5.3711
2026-02-13T01:44:14.796486,193.620,80.00,-0.3849,-0.0691,-0.8197,5.8594,-19.4702,0.5493
2026-02-13T01:44:14.946070,193.770,88.00,-0.3213,0.1055,-0.3134,10.0708,-27.3437,-7.1411
2026-02-13T01:44:15.096416,193.920,312.00,-0.3708,-0.1378,-0.7968,-5.5542,27.7710,1.8921
2026-02-13T01:44:15.246413,194.070,99.00,-0.5159,-0.0405,-0.8042,-1.4648,25.7568,-1.4648
2026-02-13T01:44:15.396192,194.220,118.00,-0.6486,-0.0670,-0.8278,16.1743,22.4609,-9.0332
2026-02-13T01:44:15.546361,194.370,86.00,-0.6224,-0.4341,-0.8033,6.1035,16.1133,1.7700
2026-02-13T01:44:15.696244,194.520,75.00,-0.5941,-0.2727,-0.7037,-6.1035,9.0942,6.4697
2026-02-13T01:44:15.846256,194.670,48.00,-0.7208,-0.1602,-0.9836,-13.6719,-6.0425,7.5684
2026-02-13T01:44:15.996357,194.820,82.00,-0.6238,-0.0703,-0.8193,-0.2441,-22.1558,2.5635
2026-02-13T01:44:16.146305,194.970,68.00,-0.5656,-0.0171,-0.8412,-0.2441,-24.9023,2.0142
2026-02-13T01:44:16.296491,195.120,69.00,-0.4082,-0.0372,-0.8062,-0.5493,-22.7661,2.4414
2026-02-13T01:44:16.446401,195.270,72.00,-0.1370,0.0548,-0.3688,-9.0942,-40.2832,16.4185
2026-02-13T01:44:16.596335,195.420,69.00,-0.2595,-0.0464,-0.8124,-0.6104,41.7480,-2.4414
2026-02-13T01:44:16.746710,195.570,56.00,-0.5254,-0.0531,-0.8943,-7.7515,30.0293,6.5918
2026-02-13T01:44:16.896399,195.720,84.00,-0.5857,-0.0272,-0.6882,0.2441,36.8042,-0.9766
2026-02-13T01:44:17.046235,195.870,83.00,-0.4812,-0.3063,-0.7626,-6.8359,14.2212,10.9253
2026-02-13T01:44:17.196201,196.020,56.00,-0.5925,-0.0863,-0.6216,-8.9722,10.3149,4.1504
2026-02-13T01:44:17.346532,196.170,36.00,-0.7833,-0.1688,-1.1077,2.8687,-6.5308,1.9531
2026-02-13T01:44:17.496310,196.320,65.00,-0.6643,-0.0126,-0.8130,4.0894,-26.4893,-0.6714
2026-02-13T01:44:17.646501,196.470,101.00,-0.5844,-0.0334,-0.7831,7.4463,-25.1465,-0.6714
2026-02-13T01:44:17.796638,196.620,67.00,-0.4591,0.0236,-0.8636,1.7700,-20.4468,3.9062
2026-02-13T01:44:17.946404,196.770,82.00,-0.2689,0.0129,-0.7377,-2.7466,-28.1982,3.9673
2026-02-13T01:44:18.095938,196.920,62.00,-0.2393,0.0112,-0.7084,0.4272,25.9399,-3.7842
2026-02-13T01:44:18.246715,197.070,58.00,-0.4503,0.1490,-0.8198,-4.1504,25.6348,-5.9204
2026-02-13T01:44:18.396024,197.220,79.00,-0.5747,0.0825,-0.7722,11.9629,33.5693,-11.7187
2026-02-13T01:44:18.546256,197.370,76.00,-0.4888,-0.0511,-0.7919,3.2349,26.2451,-4.8218
2026-02-13T01:44:18.696346,197.520,75.00,-0.6315,0.1281,-0.8341,-3.1128,14.5874,0.6714
2026-02-13T01:44:18.846241,197.670,52.00,-0.6149,-0.0656,-0.7712,8.7891,11.9019,-6.2256
2026-02-13T01:44:18.996432,197.820,33.00,-0.8093,0.0383,-1.0687,-3.3569,-4.1504,-2.8076
2026-02-13T01:44:19.146331,197.970,53.00,-0.6577,-0.0835,-0.8667,4.2114,-25.3906,-2.0752
2026-02-13T01:44:19.296127,198.120,76.00,-0.5703,0.0410,-0.7715,3.6621,-23.3154,-5.3101
2026-02-13T01:44:19.446287,198.270,54.00,-0.3628,-0.0690,-0.7797,2.9907,-18.4937,-3.7231
2026-02-13T01:44:19.596293,198.420,68.00,-0.2178,0.0242,-0.2079,-15.7471,-30.8228,8.6670
2026-02-13T01:44:19.745891,198.570,49.00,-0.3615,0.0078,-0.8558,0.9155,21.4233,0.6714
2026-02-13T01:44:19.896313,198.720,80.00,-0.5570,0.1008,-0.9028,-4.0894,33.0200,-0.1221
2026-02-13T01:44:20.046430,198.870,67.00,-0.5891,0.1296,-0.9042,8.1787,27.2827,-11.9629
2026-02-13T01:44:20.196025,199.020,78.00,-0.6320,0.3220,-0.8934,4.4556,18.0054,-4.5166
2026-02-13T01:44:20.346104,199.170,46.00,-0.6355,-0.0568,-0.9738,7.2021,5.3711,-3.6011
2026-02-13T01:44:20.496300,199.320,30.00,-0.6842,0.0416,-0.9084,-2.1973,4.4556,1.5869
2026-02-13T01:44:20.646257,199.470,35.00,-0.7897,0.0353,-0.9325,-7.4463,-22.4609,-2.0142
2026-02-13T01:44:20.796129,199.620,85.00,-0.5657,0.0261,-0.7914,-2.6855,-25.6958,0.9155
2026-02-13T01:44:20.946222,199.770,71.00,-0.4297,-0.1639,-0.8356,-0.9155,-32.2266,5.1880
2026-02-13T01:44:21.096318,199.920,84.00,-0.1127,-0.0739,-0.7219,-12.3901,-36.4990,11.3525
2026-02-13T01:44:21.246478,200.070,77.00,-0.2778,-0.0397,-0.7026,1.7090,18.6157,-13.1226
2026-02-13T01:44:21.396131,200.220,76.00,-0.4983,-0.1937,-0.9434,12.3291,16.6626,-11.9629
2026-02-13T01:44:21.546350,200.370,86.00,-0.5609,-0.2146,-0.8218,7.0801,27.5269,-4.1504
2026-02-13T01:44:21.696245,200.520,85.00,-0.6001,-0.1082,-0.8234,14.3433,29.7852,-9.8267
2026-02-13T01:44:21.846252,200.670,39.00,-0.5793,-0.4165,-0.8260,-4.5776,0.3662,7.1411
2026-02-13T01:44:21.996233,200.820,21.00,-0.7330,-0.0070,-0.9272,-3.2349,-1.1597,1.8921
2026-02-13T01:44:22.146172,200.970,72.00,-0.6119,-0.1556,-0.8788,4.0283,-11.8408,4.1504
2026-02-13T01:44:22.296376,201.120,98.00,-0.4954,-0.0653,-0.8706,1.4038,-29.5410,8.3618
2026-02-13T01:44:22.446427,201.270,89.00,-0.4075,-0.0906,-0.8060,-0.1831,-19.1040,7.7515
2026-02-13T01:44:22.596397,201.420,88.00,-0.2133,-0.0094,-0.4681,-3.6011,-22.2168,8.5449
2026-02-13T01:44:22.746480,201.570,62.00,-0.3218,-0.0839,-0.7660,-8.0566,27.4048,-5.3711
2026-02-13T01:44:22.896708,201.720,90.00,-0.5255,0.1808,-0.8250,-16.6016,25.3296,-4.5776
2026-02-13T01:44:23.046380,201.870,88.00,-0.5586,-0.2153,-0.9307,7.8125,16.1133,-12.8174
2026-02-13T01:44:23.196533,202.020,91.00,-0.5391,-0.3760,-0.7277,0.2441,13.2446,6.4697
2026-02-13T01:44:23.346331,202.170,24.00,-0.6182,-0.1738,-0.7928,-0.5493,-2.3804,-2.0752
2026-02-13T01:44:23.496613,202.320,48.00,-0.7241,-0.3136,-0.9174,-0.9155,-8.1787,10.0708
2026-02-13T01:44:23.646632,202.470,78.00,-0.6143,-0.1282,-0.8046,-5.0659,-20.6909,8.7891
2026-02-13T01:44:23.796455,202.620,110.00,-0.5623,-0.1200,-0.8162,2.3804,-21.1792,9.3994
2026-02-13T01:44:23.946221,202.770,76.00,-0.3746,-0.1323,-0.7469,12.2070,-16.1133,0.3052
2026-02-13T01:44:24.096653,202.920,88.00,-0.1504,-0.1849,-0.6698,-0.1831,-34.2407,9.9487
2026-02-13T01:44:24.246274,203.070,57.00,-0.3073,-0.0784,-0.7703,-8.6670,29.5410,-3.8452
2026-02-13T01:44:24.396460,203.220,91.00,-0.4751,-0.1766,-0.7804,-1.7700,32.4097,-3.7842
2026-02-13T01:44:24.546312,203.370,93.00,-0.6052,-0.0035,-0.8654,0.4272,32.8369,4.0283
2026-02-13T01:44:24.696197,203.520,91.00,-0.7206,-0.1279,-0.8873,0.4272,15.9302,-2.6245
2026-02-13T01:44:24.846739,203.670,24.00,-0.6719,-0.0977,-0.8304,-2.6245,2.0142,-1.1597
2026-02-13T01:44:24.996350,203.820,33.00,-0.7329,-0.1619,-0.9678,1.7700,-0.7935,4.6997
2026-02-13T01:44:25.146084,203.970,90.00,-0.6730,-0.1025,-0.8784,-2.6245,-28.4424,7.3853
2026-02-13T01:44:25.296239,204.120,103.00,-0.5088,-0.0487,-0.8018,9.2773,-30.5786,-0.3052
2026-02-13T01:44:25.446316,204.270,89.00,-0.4744,-0.0381,-0.7874,12.0850,-23.2544,-7.4463
2026-02-13T01:44:25.596206,204.420,89.00,-0.2825,0.1179,-0.4498,-10.0098,-28.1982,-1.1597
2026-02-13T01:44:25.746307,204.570,82.00,-0.3330,-0.0089,-0.8558,-6.2866,20.0195,2.8076
2026-02-13T01:44:25.896095,204.720,90.00,-0.5038,0.2269,-1.0531,-7.9346,26.9775,2.3804
2026-02-13T01:44:26.046402,204.870,83.00,-0.6921,-0.1283,-0.9817,1.2207,22.2168,7.9346
2026-02-13T01:44:26.196117,205.020,88.00,-0.6866,0.2587,-0.8423,-11.7798,24.5361,-0.4883
2026-02-13T01:44:26.346083,205.170,71.00,-0.6621,-0.0333,-0.9845,-7.6904,6.7749,3.9062
2026-02-13T01:44:26.496228,205.320,40.00,-0.8323,-0.0156,-1.0570,2.4414,-7.8735,-2.8687
2026-02-13T01:44:26.646165,205.470,41.00,-0.6826,-0.0388,-0.8333,6.2866,-19.0430,-3.3569
2026-02-13T01:44:26.796333,205.620,96.00,-0.5723,-0.0049,-0.8118,2.0142,-23.7427,-0.9766
2026-02-13T01:44:26.946192,205.770,95.00,-0.3966,0.1754,-0.7927,-9.1553,-17.8223,3.7231
2026-02-13T01:44:27.096424,205.920,89.00,-0.3778,0.0682,-0.9191,-21.6675,-31.7993,11.3525
2026-02-13T01:44:27.246358,206.070,91.00,-0.2964,-0.0768,-0.8171,6.9580,18.7378,-2.4414
2026-02-13T01:44:27.396360,206.220,82.00,-0.4613,-0.0062,-1.0074,-4.3945,20.4468,1.5259
2026-02-13T01:44:27.546361,206.370,80.00,-0.5465,-0.1847,-0.9037,10.4980,34.1187,-1.2817
2026-02-13T01:44:27.695969,206.520,94.00,-0.6050,0.0469,-0.7057,-2.3193,34.3018,-2.8687
2026-02-13T01:44:27.845958,206.670,84.00,-0.5430,-0.1512,-0.6952,1.7700,22.7661,-1.7700
2026-02-13T01:44:27.995820,206.820,27.00,-0.6646,0.0598,-0.7759,-9.8877,14.0991,3.1128
2026-02-13T01:44:28.146065,206.970,45.00,-0.6729,-0.0813,-0.8984,4.6387,-21.4844,1.2207
2026-02-13T01:44:28.296357,207.120,82.00,-0.5668,-0.1196,-0.7738,-2.8076,-33.7524,3.7842
2026-02-13T01:44:28.446135,207.270,99.00,-0.4763,-0.1884,-0.8403,-5.7983,-35.4614,4.5166
2026-02-13T01:44:28.596108,207.420,79.00,-0.4099,0.0322,-0.8301,-5.7373,-24.1089,-0.6714
2026-02-13T01:44:28.746349,207.570,84.00,-0.2780,-0.0081,-0.2395,6.1646,-3.7842,-8.6060
2026-02-13T01:44:28.896005,207.720,70.00,-0.3451,-0.1488,-0.9124,6.1035,31.9824,-3.8452
2026-02-13T01:44:29.046245,207.870,95.00,-0.5549,0.0013,-0.8671,-6.4087,36.9263,0.7324
2026-02-13T01:44:29.195996,208.020,86.00,-0.5187,-0.2848,-0.8729,-4.6997,28.9307,10.4980
2026-02-13T01:44:29.345996,208.170,83.00,-0.6494,0.1674,-0.8650,-10.1929,10.2539,5.9814
2026-02-13T01:44:29.496186,208.320,32.00,-0.7213,0.0006,-0.8391,3.1738,-1.7090,-0.3662
2026-02-13T01:44:29.646209,208.470,31.00,-0.7117,-0.1475,-0.9755,1.6479,-12.5122,4.7607
2026-02-13T01:44:29.796343,208.620,107.00,-0.6250,-0.0073,-0.8302,0.9155,-17.8833,4.7607
2026-02-13T01:44:29.946174,208.770,83.00,-0.5665,-0.0911,-0.8141,-0.3052,-31.0669,-0.7935
2026-02-13T01:44:30.096148,208.920,79.00,-0.4142,-0.0016,-0.7620,5.4321,-20.8130,-8.8501
2026-02-13T01:44:30.246027,209.070,79.00,-0.2946,0.2244,-0.2482,-6.5918,4.7607,-6.8970
2026-02-13T01:44:30.396000,209.220,122.00,-0.4741,-0.0734,-0.8099,3.7231,23.5596,-0.9155
2026-02-13T01:44:30.546203,209.370,94.00,-0.5679,-0.2898,-0.9503,27.6489,31.4331,-9.5825
2026-02-13T01:44:30.695867,209.520,87.00,-0.6528,-0.1671,-0.8331,5.9204,11.1694,-2.6855
2026-02-13T01:44:30.846107,209.670,71.00,-0.7355,0.0980,-0.8842,-0.9155,3.0518,-2.1973
2026-02-13T01:44:30.996309,209.820,37.00,-0.6964,-0.1359,-0.8302,4.2114,6.1646,-4.7607
2026-02-13T01:44:31.146162,209.970,39.00,-0.6782,-0.1637,-0.9137,-0.9766,-10.6201,2.6245
2026-02-13T01:44:31.296118,210.120,55.00,-0.5967,-0.1082,-0.8489,7.1411,-16.4795,2.8687
2026-02-13T01:44:31.446053,210.270,91.00,-0.5072,-0.1475,-0.8376,4.9438,-24.3530,6.2866
2026-02-13T01:44:31.596143,210.420,81.00,-0.4672,-0.0017,-0.8959,4.2114,-15.2588,-4.5166
2026-02-13T01:44:31.745933,210.570,84.00,-0.2511,0.1340,-0.7557,-2.3193,-19.0430,-2.6245
2026-02-13T01:44:31.895882,210.720,85.00,-0.2599,0.0479,-0.7422,-8.6060,35.4004,-3.6011
2026-02-13T01:44:32.046036,210.870,88.00,-0.5032,0.0746,-0.8563,-18.9819,25.3296,-0.7324
2026-02-13T01:44:32.196080,211.020,84.00,-0.5439,-0.0392,-0.7191,-14.9536,25.1465,12.0850
2026-02-13T01:44:32.346121,211.170,90.00,-0.6155,-0.1302,-0.7202,-17.2119,9.7656,10.0708
2026-02-13T01:44:32.495794,211.320,75.00,-0.6144,0.0028,-0.7889,-13.4888,7.8735,8.7891
2026-02-13T01:44:32.645953,211.470,32.00,-0.7605,0.0688,-1.0295,4.5776,1.3428,0.1831
2026-02-13T01:44:32.796141,211.620,38.00,-0.6273,-0.0596,-0.8671,-11.7187,-27.9541,18.7988
2026-02-13T01:44:32.946181,211.770,97.00,-0.6473,0.0240,-0.8883,1.1597,-32.4707,-1.5259
2026-02-13T01:44:33.096080,211.920,75.00,-0.5280,0.0474,-0.7891,3.4180,-22.0337,-1.2207
2026-02-13T01:44:33.246576,212.070,76.00,-0.3492,-0.2368,-0.8923,-0.0610,-24.5361,7.5684
2026-02-13T01:44:33.396077,212.220,78.00,-0.2496,-0.0425,-0.2062,-16.4795,24.1089,3.1738
2026-02-13T01:44:33.546096,212.370,72.00,-0.3616,-0.0470,-0.9131,-12.5122,33.0811,4.5166
2026-02-13T01:44:33.695946,212.520,105.00,-0.5851,-0.1565,-0.8796,-10.6812,24.9023,7.8735
2026-02-13T01:44:33.846090,212.670,82.00,-0.6293,-0.0278,-0.9169,-9.3384,24.1089,9.3384
2026-02-13T01:44:33.995949,212.820,87.00,-0.6141,-0.0886,-0.7750,5.4932,5.8594,5.0049
2026-02-13T01:44:34.145966,212.970,41.00,-0.6036,-0.1801,-0.7888,-1.7700,3.7842,1.5869
2026-02-13T01:44:34.296199,213.120,30.00,-0.8506,-0.0490,-1.1316,-5.7373,-0.9766,5.3101
2026-02-13T01:44:34.446249,213.270,81.00,-0.7368,-0.0408,-0.8062,-0.6104,-23.5596,5.1270
2026-02-13T01:44:34.595959,213.420,115.00,-0.6224,-0.1050,-0.8221,4.8828,-23.9258,-0.2441
2026-02-13T01:44:34.746222,213.570,78.00,-0.4042,-0.1064,-0.7932,9.3994,-23.8647,-2.2583
2026-02-13T01:44:34.896113,213.720,83.00,-0.2230,0.1237,-0.5323,-5.9204,-30.8838,7.2632
2026-02-13T01:44:35.046071,213.870,77.00,-0.2953,-0.0822,-0.8290,-16.4185,15.0757,1.5259
2026-02-13T01:44:35.196025,214.020,88.00,-0.4783,-0.3477,-0.7982,-3.0518,-8.2397,2.6245
2026-02-13T01:44:35.345814,214.170,85.00,-0.5522,-0.2037,-0.8739,0.1221,29.7241,1.0986
2026-02-13T01:44:35.495818,214.320,94.00,-0.5688,-0.2684,-0.9232,5.1270,9.5215,0.0000
2026-02-13T01:44:35.645965,214.470,77.00,-0.6823,-0.0397,-1.0450,2.6245,11.9019,-5.9814
2026-02-13T01:44:35.796272,214.620,33.00,-0.7053,0.0347,-1.1167,6.1646,18.3716,-9.2773
2026-02-13T01:44:35.946071,214.770,56.00,-0.7205,-0.0269,-0.8806,-5.1880,-19.7144,0.6104
2026-02-13T01:44:36.096130,214.920,86.00,-0.4906,-0.0759,-0.8060,2.2583,-14.7705,-0.5493
2026-02-13T01:44:36.245986,215.070,79.00,-0.4250,0.1073,-0.8689,-10.6812,-17.5781,-1.1597
2026-02-13T01:44:36.396074,215.220,80.00,-0.2560,-0.1606,-0.4548,10.7422,-21.7895,-0.7935
2026-02-13T01:44:36.545824,215.370,66.00,-0.3329,-0.1505,-0.8478,4.0894,15.8081,-2.9907
2026-02-13T01:44:36.695910,215.520,87.00,-0.5453,-0.1390,-0.9247,4.6387,29.2358,-4.7607
2026-02-13T01:44:36.846123,215.670,84.00,-0.5294,-0.0172,-0.7413,-7.8735,27.2827,1.9531
2026-02-13T01:44:36.996154,215.820,87.00,-0.5793,0.0122,-0.7598,-12.8174,9.7046,3.7231
2026-02-13T01:44:37.146024,215.970,66.00,-0.5570,-0.0708,-0.7842,2.9297,15.9912,-1.0376
2026-02-13T01:44:37.295891,216.120,36.00,-0.8292,-0.1479,-1.0256,-4.7607,-14.4043,1.8921
2026-02-13T01:44:37.446093,216.270,47.00,-0.6602,-0.0767,-0.8224,-1.9531,-11.8408,4.3945
2026-02-13T01:44:37.596043,216.420,107.00,-0.5804,-0.1798,-0.8490,8.9722,-18.6768,-1.0986
2026-02-13T01:44:37.746045,216.570,77.00,-0.5021,-0.0681,-0.8561,-1.0986,-28.9307,-1.9531
2026-02-13T01:44:37.895657,216.720,75.00,-0.4033,0.0277,-0.9286,4.3945,-20.6299,1.1597
2026-02-13T01:44:38.045867,216.870,75.00,-0.2678,-0.0526,-0.4065,2.9907,26.5503,-6.1035
2026-02-13T01:44:38.195933,217.020,78.00,-0.4298,-0.1177,-1.0084,-1.3428,19.9585,3.7842
2026-02-13T01:44:38.345645,217.170,96.00,-0.6832,0.0123,-0.9263,-7.6294,9.7656,-4.4556
2026-02-13T01:44:38.495677,217.320,85.00,-0.6469,0.0748,-0.8486,11.9629,8.1177,-14.1602
2026-02-13T01:44:38.646047,217.470,77.00,-0.6368,-0.2283,-0.8621,2.4414,13.4277,-4.5776
2026-02-13T01:44:38.796140,217.620,30.00,-0.7069,-0.3727,-0.9664,-4.4556,-5.3711,-0.7935
2026-02-13T01:44:38.946035,217.770,31.00,-0.6982,-0.0752,-0.9489,-7.2021,-8.3618,12.5732
2026-02-13T01:44:39.095841,217.920,99.00,-0.5737,-0.0631,-0.8350,2.3193,-21.1182,6.2256
2026-02-13T01:44:39.245899,218.070,100.00,-0.5177,0.0991,-0.8936,0.4272,-18.1274,0.3052
2026-02-13T01:44:39.396021,218.220,80.00,-0.4371,0.1930,-0.7900,-0.9766,-16.8457,-8.6670
2026-02-13T01:44:39.546102,218.370,81.00,-0.2432,-0.0327,-0.4321,-5.1880,-20.6909,3.1738
2026-02-13T01:44:39.696036,218.520,80.00,-0.3400,-0.1448,-0.7687,-2.3804,33.5693,0.4272
2026-02-13T01:44:39.845839,218.670,91.00,-0.5706,-0.2957,-0.8927,1.3428,16.1133,7.5684
2026-02-13T01:44:39.995914,218.820,84.00,-0.5813,-0.2063,-0.9200,6.2866,22.8271,-1.4038
2026-02-13T01:44:40.145950,218.970,74.00,-0.6531,-0.2485,-1.0144,0.5493,-0.7324,2.6855
2026-02-13T01:44:40.295693,219.120,47.00,-0.7698,-0.1932,-1.0396,4.3945,2.3193,-3.2349
2026-02-13T01:44:40.446103,219.270,30.00,-0.7018,-0.0452,-0.9276,-1.2207,-5.6763,-1.8311
2026-02-13T01:44:40.595925,219.420,67.00,-0.6504,0.0675,-0.8057,4.4556,-13.1226,-1.5869
2026-02-13T01:44:40.745941,219.570,77.00,-0.4624,-0.0270,-0.7716,-2.0142,-23.0713,-2.3193
2026-02-13T01:44:40.895909,219.720,79.00,-0.4431,-0.0093,-0.9651,-1.2207,-19.1650,-0.0610
2026-02-13T01:44:41.046038,219.870,80.00,-0.2517,-0.0854,-0.3486,2.6245,-1.5259,-2.8687
2026-02-13T01:44:41.195632,220.020,62.00,-0.4501,-0.2706,-0.8208,10.3760,14.5264,0.9155
2026-02-13T01:44:41.345767,220.170,78.00,-0.6492,-0.0773,-0.8055,-7.9956,21.7285,7.6904
2026-02-13T01:44:41.495890,220.320,78.00,-0.6877,-0.2141,-1.0035,4.0283,9.0942,2.6855
2026-02-13T01:44:41.645703,220.470,75.00,-0.6842,-0.1079,-0.8405,4.7607,14.4653,-3.9673
2026-02-13T01:44:41.795699,220.620,65.00,-0.7732,0.0256,-0.9176,-8.9722,6.4087,0.0610
2026-02-13T01:44:41.945990,220.770,48.00,-0.8453,0.0454,-0.9861,-2.6245,-23.7427,-2.1362
2026-02-13T01:44:42.095958,220.920,91.00,-0.6886,0.0103,-0.8125,-2.1973,-24.1699,1.5869
2026-02-13T01:44:42.246003,221.070,81.00,-0.5161,-0.0951,-0.8406,-7.8735,-30.4565,2.8687
2026-02-13T01:44:42.395919,221.220,78.00,-0.3914,-0.0234,-0.8704,-1.7090,-6.7749,-4.0894
2026-02-13T01:44:42.546053,221.370,78.00,-0.2529,0.0039,-0.4532,-13.6108,-35.0342,14.0991
2026-02-13T01:44:42.695842,221.520,74.00,-0.3824,-0.1185,-0.9243,-4.9438,19.3481,-1.5259
2026-02-13T01:44:42.845906,221.670,90.00,-0.5640,-0.2283,-0.8241,5.8594,37.2314,-4.2114
2026-02-13T01:44:42.995805,221.820,82.00,-0.6017,-0.2175,-0.8300,2.3193,19.8364,0.4272
2026-02-13T01:44:43.145864,221.970,62.00,-0.6873,0.0110,-0.8190,-3.6621,1.5869,-4.7607
2026-02-13T01:44:43.295743,222.120,38.00,-0.6082,-0.1362,-0.7306,-4.6387,9.2773,1.7700
2026-02-13T01:44:43.446086,222.270,31.00,-0.7705,-0.1282,-0.9330,-4.8828,-12.0850,5.6763
2026-02-13T01:44:43.595713,222.420,73.00,-0.6511,-0.0913,-0.7906,7.7515,-17.2729,2.2583
2026-02-13T01:44:43.746011,222.570,74.00,-0.4999,-0.1866,-0.7578,10.0098,-21.0571,-1.0376
2026-02-13T01:44:43.895942,222.720,76.00,-0.4911,0.1171,-0.8749,-10.2539,-26.1230,-0.0610
2026-02-13T01:44:44.045885,222.870,77.00,-0.2478,0.0090,-0.5288,0.0000,-30.2734,6.2866
2026-02-13T01:44:44.195586,223.020,81.00,-0.3945,-0.1511,-0.8551,-2.4414,28.0762,-0.6104
2026-02-13T01:44:44.345463,223.170,63.00,-0.5691,-0.1333,-0.7690,-5.0049,23.4985,2.5635
2026-02-13T01:44:44.495973,223.320,82.00,-0.5962,-0.0413,-0.9568,6.7749,10.5591,-4.1504
2026-02-13T01:44:44.645497,223.470,92.00,-0.6467,0.1025,-0.8455,25.9399,11.5967,-21.9116
2026-02-13T01:44:44.795893,223.620,49.00,-0.6659,0.0734,-0.8965,8.1787,7.3242,-12.3291
2026-02-13T01:44:44.945633,223.770,30.00,-0.7068,-0.2179,-0.9446,7.5073,5.2490,0.4883
2026-02-13T01:44:45.095824,223.920,39.00,-0.6771,-0.1060,-0.9270,-0.5493,-10.4980,4.5776
2026-02-13T01:44:45.245535,224.070,78.00,-0.5695,-0.0248,-0.8309,3.2349,-15.4419,0.1831
2026-02-13T01:44:45.395522,224.220,75.00,-0.4495,0.0338,-0.8362,-1.5259,-19.7144,2.8687
2026-02-13T01:44:45.545821,224.370,87.00,-0.2845,0.1290,-0.8469,2.2583,-33.4473,0.6104
2026-02-13T01:44:45.695639,224.520,81.00,-0.2900,-0.0719,-0.6665,-6.8970,36.8652,-3.6621
2026-02-13T01:44:45.845677,224.670,65.00,-0.5162,-0.1035,-0.8903,-7.2021,28.0151,-2.5635
2026-02-13T01:44:45.995508,224.820,91.00,-0.6108,-0.1149,-0.8180,-6.0425,22.0947,2.8687
2026-02-13T01:44:46.145638,224.970,88.00,-0.5831,-0.0699,-0.7740,-16.8457,16.5405,10.3149
2026-02-13T01:44:46.295765,225.120,30.00,-0.6166,-0.0964,-0.8682,-12.2070,1.8921,10.6812
2026-02-13T01:44:46.445714,225.270,38.00,-0.7976,-0.0774,-1.0056,-16.7236,80.9326,2.5024
2026-02-13T01:44:46.595612,225.420,59.00,-0.6724,-0.0391,-0.9247,2.7466,-21.0571,2.6245
2026-02-13T01:44:46.745642,225.570,108.00,-0.5929,-0.0670,-0.8629,8.3008,-35.2173,-1.7090
2026-02-13T01:44:46.895872,225.720,74.00,-0.4033,0.0316,-0.8815,-3.9062,-26.4282,1.6479
2026-02-13T01:44:47.045814,225.870,85.00,-0.4114,-0.0532,-0.9679,1.0986,-45.4712,2.8076
2026-02-13T01:44:47.195633,226.020,87.00,-0.2115,-0.0530,-0.5143,-8.3618,-44.3726,1.6479
2026-02-13T01:44:47.345582,226.170,70.00,0.0107,-0.2246,-1.0039,2.2583,2.3804,1.8921
2026-02-13T01:44:47.495850,226.320,107.00,-0.0844,-0.0568,-0.9716,4.7607,-2.6245,-4.8218
2026-02-13T01:44:47.645802,226.470,88.00,-0.1615,-0.0806,-0.9158,4.6997,0.7935,-3.7231
2026-02-13T01:44:47.795749,226.620,88.00,-0.1333,-0.0348,-0.9153,14.7095,2.3804,-11.2305
2026-02-13T01:44:47.945639,226.770,83.00,-0.2311,0.0085,-0.9965,11.4746,6.5308,-7.2021
2026-02-13T01:44:48.095813,226.920,83.00,-0.1056,-0.0459,-0.9629,9.2773,5.2490,-6.5308
2026-02-13T01:44:48.245712,227.070,83.00,-0.2400,0.0645,-0.9615,-2.1362,4.1504,-1.0376
2026-02-13T01:44:48.395593,227.220,85.00,-0.1940,-0.0012,-1.0107,-2.1362,-8.8501,0.0610
2026-02-13T01:44:48.545508,227.370,84.00,-0.1497,0.0798,-0.9302,-3.0518,-4.5776,0.2441
2026-02-13T01:44:48.695677,227.520,88.00,-0.1191,0.0659,-0.9347,-11.6577,-11.8408,4.0283
2026-02-13T01:44:48.845640,227.670,93.00,-0.1323,0.0074,-0.9414,-3.5400,-3.8452,0.1831
2026-02-13T01:44:48.996026,227.820,88.00,-0.1648,-0.0121,-0.9978,-4.2725,-1.1597,2.9907
2026-02-13T01:44:49.145586,227.970,87.00,-0.1173,-0.0458,-1.0240,-1.7700,0.4883,0.7935
2026-02-13T01:44:49.295660,228.120,87.00,-0.0918,0.0171,-0.9703,-5.0659,-1.4648,1.0376
2026-02-13T01:44:49.445696,228.270,87.00,-0.2073,-0.0499,-0.9683,2.3193,3.9062,-1.0376
2026-02-13T01:44:49.595978,228.420,83.00,-0.1548,-0.0084,-0.9879,-3.7842,-0.7935,0.1831
2026-02-13T01:44:49.745567,228.570,92.00,-0.1230,0.0220,-0.9618,2.9297,1.4648,-0.8545
2026-02-13T01:44:49.895463,228.720,93.00,-0.2325,0.0060,-1.0361,5.0049,2.0142,-1.5259
2026-02-13T01:44:50.045671,228.870,93.00,-0.2095,-0.0177,-0.9984,1.7090,-0.2441,-0.0610
2026-02-13T01:44:50.195560,229.020,90.00,-0.1907,0.0021,-1.0665,-0.4883,-1.2817,0.4883
2026-02-13T01:44:50.345623,229.170,91.00,-0.1323,-0.0087,-0.9386,3.1738,4.0283,-1.5869
2026-02-13T01:44:50.495466,229.320,90.00,-0.2040,0.0048,-0.9800,2.1973,2.2583,-0.7324
2026-02-13T01:44:50.645623,229.470,91.00,-0.1151,-0.0170,-0.9531,1.9531,1.0986,-0.3662
2026-02-13T01:44:50.795486,229.620,96.00,-0.2013,0.0404,-1.0391,1.7090,0.3052,0.4883
2026-02-13T01:44:50.945472,229.770,93.00,-0.1398,0.0378,-0.9752,2.8076,2.9907,0.7935
2026-02-13T01:44:51.095575,229.920,90.00,-0.2065,0.0017,-1.0399,1.0986,-0.2441,0.6714
2026-02-13T01:44:51.245684,230.070,92.00,-0.1196,0.0214,-1.0042,2.5024,-3.4180,-0.6104
2026-02-13T01:44:51.395625,230.220,90.00,-0.2113,0.0588,-0.9423,-1.5259,-1.1597,-1.3428
2026-02-13T01:44:51.545574,230.370,89.00,-0.2291,0.0131,-1.0398,-1.3428,-0.6104,2.1973
2026-02-13T01:44:51.695647,230.520,90.00,-0.1001,-0.0209,-0.9396,1.6479,-0.5493,0.1221
2026-02-13T01:44:51.845583,230.670,90.00,-0.1317,0.0032,-0.9208,3.2349,0.4883,-1.0986
2026-02-13T01:44:51.995695,230.820,89.00,-0.1803,-0.0015,-0.9938,3.0518,-1.4038,-2.2583
2026-02-13T01:44:52.145826,230.970,92.00,-0.1431,-0.0129,-0.9668,-1.7700,-2.4414,-0.4883
2026-02-13T01:44:52.295269,231.120,90.00,-0.1417,0.0388,-0.9314,1.0376,1.0986,0.2441
2026-02-13T01:44:52.445367,231.270,90.00,-0.1486,0.0043,-0.9865,0.7935,-4.8828,-0.2441
2026-02-13T01:44:52.595571,231.420,91.00,-0.0897,0.0044,-0.9446,-0.7324,-1.7700,-0.9766
2026-02-13T01:44:52.745459,231.570,91.00,-0.1720,0.0282,-0.9150,-2.5635,0.4883,0.7935
2026-02-13T01:44:52.895607,231.720,92.00,-0.1320,0.0231,-0.9880,-2.1973,-1.1597,3.6621
2026-02-13T01:44:53.045478,231.870,90.00,-0.1464,0.0043,-1.0026,3.3569,3.2349,-0.7324
2026-02-13T01:44:53.195512,232.020,89.00,-0.2456,0.0321,-0.9700,-4.3945,10.2539,2.6245
2026-02-13T01:44:53.345665,232.170,85.00,-0.2526,0.0475,-0.9994,4.3335,15.5640,-2.8687
2026-02-13T01:44:53.495336,232.320,91.00,-0.2107,0.0121,-0.9800,0.7935,7.3853,3.1128
2026-02-13T01:44:53.645390,232.470,85.00,-0.2133,-0.1815,-1.1141,13.5498,24.7192,-8.7280
2026-02-13T01:44:53.795566,232.620,83.00,-0.2196,-0.1111,-0.8512,13.7329,-13.4888,-10.6201
2026-02-13T01:44:53.945733,232.770,85.00,-0.3796,-0.0784,-1.0494,17.2119,2.7466,-32.7759
2026-02-13T01:44:54.095309,232.920,71.00,-0.2444,0.0582,-0.8777,9.3994,7.0190,-22.0947
2026-02-13T01:44:54.245363,233.070,68.00,-0.4050,0.1577,-0.9015,-2.2583,19.5923,-3.5400
2026-02-13T01:44:54.395637,233.220,56.00,-0.3503,0.1584,-0.8799,-7.3853,-1.8921,17.5171
2026-02-13T01:44:54.545672,233.370,54.00,-0.3267,0.0096,-0.9532,-16.5405,-28.3203,26.8555
2026-02-13T01:44:54.695520,233.520,75.00,-0.3588,0.0638,-0.9124,7.4463,-12.8174,11.9019
2026-02-13T01:44:54.845481,233.670,78.00,-0.2920,0.0189,-0.9536,7.3242,-5.1270,-5.2490
2026-02-13T01:44:54.995413,233.820,87.00,-0.2753,0.0355,-0.8995,-7.6904,-5.9204,-9.0332
2026-02-13T01:44:55.145393,233.970,86.00,-0.3588,0.0370,-1.2112,-38.6963,18.9819,-12.6343
2026-02-13T01:44:55.295478,234.120,77.00,-0.2662,-0.0330,-0.9430,3.9062,15.6250,-1.5869
2026-02-13T01:44:55.445386,234.270,87.00,-0.3051,0.0564,-0.9117,-6.1646,3.0518,-1.5869
2026-02-13T01:44:55.595323,234.420,85.00,-0.3287,0.0258,-0.9431,-11.1084,0.3662,-4.3945
2026-02-13T01:44:55.745449,234.570,80.00,-0.3411,-0.0326,-0.9619,-7.3853,2.9297,-4.5166
2026-02-13T01:44:55.895235,234.720,86.00,-0.2996,-0.0579,-0.9203,0.5493,0.4272,-1.7090
2026-02-13T01:44:56.045461,234.870,90.00,-0.3118,-0.0465,-0.9313,1.5869,0.0610,-1.5259
2026-02-13T01:44:56.195229,235.020,84.00,-0.3082,-0.0334,-0.9417,0.4883,5.6763,1.2817
2026-02-13T01:44:56.345032,235.170,81.00,-0.2993,-0.0266,-0.9341,4.2114,-1.0376,1.0376
2026-02-13T01:44:56.494667,235.320,83.00,-0.3193,-0.0143,-0.9343,2.5635,3.9062,1.1597
2026-02-13T01:44:56.644721,235.470,85.00,-0.3340,0.0095,-0.9281,4.7607,1.0986,0.4272
2026-02-13T01:44:56.795344,235.620,82.00,-0.3156,0.0221,-0.9410,3.5400,-1.7090,0.5493
2026-02-13T01:44:56.945450,235.770,79.00,-0.3110,0.0165,-0.9380,3.7231,-0.2441,0.7324
2026-02-13T01:44:57.095509,235.920,78.00,-0.3103,0.0291,-0.9354,1.7090,-1.0986,-0.5493
2026-02-13T01:44:57.245330,236.070,77.00,-0.3225,0.0165,-0.9211,-0.1831,2.8687,-1.0376
2026-02-13T01:44:57.395287,236.220,77.00,-0.3121,0.0519,-0.9462,0.6714,-0.3662,-0.4272
2026-02-13T01:44:57.545398,236.370,79.00,-0.2982,0.0415,-0.9136,2.0142,1.5259,-2.8076
2026-02-13T01:44:57.695297,236.520,76.00,-0.3035,0.0542,-0.9493,2.5635,-1.5869,-1.6479
2026-02-13T01:44:57.845573,236.670,78.00,-0.2882,0.0529,-0.9188,-1.9531,-0.1831,0.1221
2026-02-13T01:44:57.995383,236.820,77.00,-0.2820,0.0546,-0.9363,-2.6245,-8.8501,1.0376
2026-02-13T01:44:58.145375,236.970,80.00,-0.2758,0.0319,-0.9336,-4.6387,-4.3945,2.0752
2026-02-13T01:44:58.295552,237.120,81.00,-0.2620,0.0310,-0.9506,-2.9907,-0.9766,1.9531
2026-02-13T01:44:58.445309,237.270,87.00,-0.2554,0.0317,-0.9337,-0.0610,-1.9531,1.7090
2026-02-13T01:44:58.595271,237.420,82.00,-0.2407,0.0383,-0.9625,-1.6479,-1.5869,0.9155
2026-02-13T01:44:58.745391,237.570,86.00,-0.2509,0.0328,-0.9594,0.6714,-1.0376,1.7700
2026-02-13T01:44:58.895419,237.720,86.00,-0.2417,0.0197,-0.9513,1.2207,-1.5259,-0.3662
2026-02-13T01:44:59.045644,237.870,86.00,-0.2241,0.0424,-0.9474,-0.6104,-0.4883,-0.3662
2026-02-13T01:44:59.195369,238.020,82.00,-0.2369,0.0448,-0.9386,-0.1831,1.5259,1.2207
2026-02-13T01:44:59.391157,238.170,86.00,-0.2438,0.0428,-0.9606,-0.0610,0.7935,1.3428
2026-02-13T01:44:59.494649,238.320,81.00,-0.2506,0.0341,-0.9564,-0.3052,0.1221,-0.1831
2026-02-13T01:44:59.644620,238.470,83.00,-0.2678,0.0331,-0.9149,0.2441,1.4648,-0.3662
2026-02-13T01:44:59.795028,238.620,84.00,-0.2438,0.0203,-0.9532,0.9155,1.8311,0.1831
2026-02-13T01:45:25.438744,264.172,81.00,-0.6622,-0.0331,-0.7323,1.2817,-6.5918,0.9766
2026-02-13T01:45:25.495305,264.321,84.00,-0.6532,-0.0273,-0.7471,-1.7700,-5.9204,1.7090
2026-02-13T01:45:25.645513,264.471,84.00,-0.6329,-0.0293,-0.7476,0.6714,-2.3193,0.1221
2026-02-13T01:45:25.795277,264.621,83.00,-0.6135,-0.0361,-0.7523,2.2583,4.0283,0.4272
2026-02-13T01:45:25.945724,264.771,83.00,-0.6389,-0.0385,-0.7546,1.7090,1.7090,-0.9766
2026-02-13T01:45:26.095996,264.921,86.00,-0.6459,-0.0238,-0.7495,0.0610,-0.6104,-1.2817
2026-02-13T01:45:26.246170,265.071,86.00,-0.6423,-0.0254,-0.7316,0.7324,-1.4038,-1.3428
2026-02-13T01:45:26.395750,265.221,87.00,-0.6449,-0.0266,-0.7396,0.5493,-0.3662,-0.3662
2026-02-13T01:45:26.545922,265.371,89.00,-0.6497,-0.0221,-0.7437,0.5493,-0.3052,-0.7324
2026-02-13T01:45:26.696181,265.521,91.00,-0.6318,-0.0146,-0.7386,0.2441,-0.7935,-0.4272
2026-02-13T01:45:26.845712,265.671,92.00,-0.6249,-0.0142,-0.7760,-0.4883,-4.1504,-0.6104
2026-02-13T01:45:26.995618,265.821,91.00,-0.6216,-0.0085,-0.7660,-0.4272,-0.5493,-0.1221
2026-02-13T01:45:27.145397,265.971,92.00,-0.6158,-0.0177,-0.7439,-1.2817,0.6714,0.3052
